channel,ai_personalized,impressions,clicks,conversions,CTR,Conversion_Rate
Email,True,3500,860,150,0.24571428571428572,0.1744186046511628
Facebook,False,9000,600,118,0.06666666666666667,0.19666666666666666
Google,True,14500,1450,285,0.1,0.19655172413793104
